{"cameraMode":{"drawMode":0,"name":"Shaded","section":"Shading Mode"},"sceneLighting":false,"audioPlay":false,"sceneViewState":{"showFog":true,"showMaterialUpdate":false,"showSkybox":false,"showFlares":true,"showImageEffects":true,"showParticleSystems":true,"showVisualEffectGraphs":true,"m_FxEnabled":true},"in2DMode":false,"pivot":{"x":0.8063462972640991,"y":1.0224275588989258,"z":12.01038932800293},"rotation":{"x":0.013182391412556172,"y":-0.0338931679725647,"z":-0.0004457001923583448,"w":-0.9993429780006409},"size":7.870314598083496,"orthographic":false}